date,temperature,humidity,pressure,rainfall
2024-01-01,18.745401188473625,61.58307913402323,1003.2853159586199,1.7652803200550826
2024-01-02,24.50714306409916,78.83571691471742,1016.2914944046277,2.2048620907017535
2024-01-03,22.31993941811405,77.16051925868192,1013.303944413924,1.8643826214425452
2024-01-04,20.986584841970366,55.873734043678894,1010.4613084953824,7.795844735667533
2024-01-05,16.560186404424364,52.080839026254964,1007.17660968247,3.501252591667301
2024-01-06,16.559945203362027,53.0233400413228,1017.5440108162621,0.5784267656339637
2024-01-07,15.580836121681994,50.54665476954649,1007.8489021484527,9.691026301408113
2024-01-08,23.66176145774935,52.83328882267785,1016.3319887894315,8.837858849634257
2024-01-09,21.011150117432088,70.4902032024907,1008.7826981714044,9.27752283195213
2024-01-10,22.080725777960453,52.135659453806866,1007.5388885884981,9.949078226464353
2024-01-11,15.205844942958024,59.56926890881284,1009.2535957133921,1.738952492194873
2024-01-12,24.699098521619945,75.34625932908364,1006.0275574832829,3.9624201890265875
2024-01-13,23.324426408004218,50.698158072074776,1014.952187603525,7.582384757040913
2024-01-14,17.123391106782762,74.43405447766807,1010.0544078018496,6.960206180537922
2024-01-15,16.818249672071005,58.455643243202,1004.6442539029364,1.5389590633985506
2024-01-16,16.83404509853434,53.54494482864969,1017.9914914654913,8.158331249906178
2024-01-17,18.042422429595376,70.90211496092452,1007.6778244274642,2.2444057183666066
2024-01-18,20.24756431632238,68.86828540339653,1010.8710572222798,2.2381761482262306
2024-01-19,19.319450186421157,76.3241604058116,1018.1294422192909,5.3697442289341355
2024-01-20,17.91229140198042,72.05213131411656,1012.4847599182798,5.929399348417031
2024-01-21,21.118528947223794,74.10442791154546,1002.3379608141673,5.8008620783781115
2024-01-22,16.39493860652042,58.4610371771392,1018.7966424722695,0.9148683739775487
2024-01-23,17.92144648535218,55.32318631339169,1012.5541610614283,8.774608626303804
2024-01-24,18.663618432936918,72.51844254922575,1006.6981122931418,2.6560004258870604
2024-01-25,19.560699842170358,74.20504217801792,1002.7854414532677,1.2951492128280417
2024-01-26,22.851759613930135,79.7151542600202,1015.880503785406,8.887480798689772
2024-01-27,16.996737821583597,62.37853030734279,1012.4014551185703,9.556514982297534
2024-01-28,20.142344384136116,61.160542573783495,1010.6692218395265,8.621276172654506
2024-01-29,20.924145688620424,73.29238882225991,1017.8778516610191,8.09516074724878
2024-01-30,15.464504127199977,60.22410620759054,1015.7719442244907,6.552419806390217
2024-01-31,21.075448519014383,77.92271976810694,1003.033497594655,5.5085737060913935
2024-02-01,16.705241236872915,75.75238255529035,1006.2344413559109,0.8698675991141014
2024-02-02,15.650515929852794,62.86982082125055,1004.9697827962893,4.084532130706987
2024-02-03,24.488855372533333,72.52613203374491,1014.8789258514536,3.72688517012314
2024-02-04,24.656320330745594,72.63628622254046,1000.6706486947156,2.5975378376032623
2024-02-05,23.083973481164612,53.09371606507798,1011.3977936974263,7.234201136885849
2024-02-06,18.046137691733705,77.076587200387,1015.2491737148138,4.9587573507877085
2024-02-07,15.97672114006384,65.15757117343571,1017.535312735235,0.8104621590764793
2024-02-08,21.842330265121568,74.79372398323224,1006.8416349743181,2.2018320194981134
2024-02-09,19.40152493739601,59.601488030918354,1016.4251460934403,6.832587636595959
2024-02-10,16.22038234844779,76.86569685488601,1002.2126347391041,0.7613085949030018
2024-02-11,19.951769101112703,61.676050362024895,1016.9290458346903,8.512069140487688
2024-02-12,15.343885211152184,50.32512954440895,1002.5497732466397,4.951465270139743
2024-02-13,24.093204020787823,77.16145929257792,1007.9457458112073,4.80586577326648
2024-02-14,17.58779981600017,52.73860030358401,1015.9459073155911,5.924077846595176
2024-02-15,21.62522284353982,59.579409127712445,1002.9983485469754,8.246809659251491
2024-02-16,18.11711076089411,78.50185901152415,1004.5850279046529,3.4780920790219305
2024-02-17,20.200680211778106,78.51821440812668,1014.4450513678613,6.780161525590636
2024-02-18,20.467102793432797,67.20313664369858,1014.4007307309215,5.657319639957911
2024-02-19,16.84854455525527,68.95511636509397,1012.822952657706,2.6702827016942132
2024-02-20,24.695846277645586,63.45336565934959,1013.878968889342,8.78629986355158
2024-02-21,22.751328233611147,58.79632315094194,1010.8544888669519,7.974260216069281
2024-02-22,24.39498941564189,59.85993636109748,1005.0359811781391,6.584518346584255
2024-02-23,23.948273504276486,70.17555368231115,1006.9139198700784,8.505817290942419
2024-02-24,20.97899978811085,72.5712358831304,1003.6319543360285,8.672942009598025
2024-02-25,24.218742350231167,73.74737131177545,1018.1690112266725,7.083629767150348
2024-02-26,15.884925020519194,73.68854428383662,1011.6678358953224,8.37013328363672
2024-02-27,16.959828624191452,52.73618309146071,1008.0170283352728,6.974714616692836
2024-02-28,15.45227288910538,64.83260914107744,1009.2401160728826,6.801407717603004
2024-02-29,18.253303307632642,51.72676280049933,1018.9456667922364,6.186113782151843
2024-03-01,18.88677289689482,66.48586646971206,1003.0670280623216,7.527166395576412
2024-03-02,17.71349031773896,63.245915041201314,1011.7245966403359,1.586051052930737
2024-03-03,23.287375091519294,76.63112548274898,1010.1177735776894,8.808707591989284
2024-03-04,18.567533266935893,60.527450376562356,1012.229084708693,8.71843527745232
2024-03-05,17.80934509687381,53.512010492828175,1000.3622036764168,0.29247283034559146
2024-03-06,20.426960831582484,54.28975046158507,1017.442478178883,8.258167505647627
2024-03-07,16.409242249747628,72.84531895152416,1018.6423656496722,1.288698674734452
2024-03-08,23.021969807540398,68.54654189948783,1011.3026636717842,3.351188542591419
2024-03-09,15.745506436797708,53.03368028368371,1013.9330164775379,7.435082562916078
2024-03-10,24.86886936600517,52.52320418344992,1018.4499876235459,1.607598960483082
2024-03-11,22.722447692966576,71.0290739437736,1014.144772686268,8.179670241190621
2024-03-12,16.987156815341724,52.182890190925804,1003.0507808582852,8.32134177957742
2024-03-13,15.055221171236024,74.65580177871068,1011.5257672033363,5.074677337608362
2024-03-14,23.15461428454834,71.18726681469488,1012.1343009276571,0.0638587171683358
2024-03-15,22.06857343847617,52.44046341925699,1008.4826134260477,2.870381331749128
2024-03-16,22.290071680409874,52.545131422555755,1014.7288847124945,6.169269183757422
2024-03-17,22.71270346685946,79.59918735503527,1018.6873402953803,9.811861780274235
2024-03-18,15.740446517340903,61.22812387268361,1018.5113702581356,6.3181352701666835
2024-03-19,18.584657285442727,61.11926441200673,1009.0167874280827,2.5980358106415977
2024-03-20,16.158690595251297,74.38398701772508,1002.2647609168151,6.340057030996114
2024-03-21,23.631034258755935,78.41745732151577,1019.6968239792467,5.3998537971585545
2024-03-22,21.23298126827558,79.58003191468613,1016.7779617289186,7.798453951511436
2024-03-23,18.308980248526492,72.60134555776824,1002.4932536240653,1.069806388269584
2024-03-24,15.635583502860236,61.287787565927474,1018.4168376523475,7.61027902502028
2024-03-25,18.109823217156624,52.50502150096006,1017.3979272412425,5.412665786761103
2024-03-26,18.25183322026747,73.3144074778231,1010.3767611425214,9.629920038589946
2024-03-27,22.29606178338064,66.75212749207415,1011.8255087148985,3.418721660386861
2024-03-28,21.375574713552133,62.72666027740929,1007.9800540774027,6.326218931339481
2024-03-29,23.872127425763267,77.19063155284208,1001.0952327764406,9.320281055100175
2024-03-30,19.72214925161949,53.33592446918454,1006.7039448329181,1.0250972799067926
2024-03-31,16.195942459383016,64.77875312872578,1016.0570689719602,9.372284872364512
2024-04-01,22.13244787222995,50.34060934302257,1000.0926404600921,6.878857223008134
2024-04-02,22.607850486168974,64.05981925982378,1006.6699834338228,0.678370591051719
2024-04-03,20.61277197569496,51.68909827045512,1007.9633738718188,3.0096356694681625
2024-04-04,22.70967179954561,53.564537488042156,1010.7479120587584,7.081720886452816
2024-04-05,19.93795596364391,53.525787403313146,1018.3971123282552,0.673506014687717
2024-04-06,20.22732829381994,69.4763090634819,1006.9269198873192,5.8217046017627325
2024-04-07,19.275410183585496,72.3813463779627,1006.9390640379246,3.4588305695295674
2024-04-08,15.254191267440952,67.5010629529148,1014.750024962195,6.209155177674771
2024-04-09,16.078914269933044,78.86517645423626,1009.0443588177961,0.4574203381251285
2024-04-10,15.314291856867342,61.24611738571112,1004.4920964587997,8.715368061523762
2024-04-11,21.364104112637804,58.57136258845582,1009.0487903226539,9.734889691773969
2024-04-12,18.143559810763268,76.0579738456838,1002.817140407596,9.688778552856915
2024-04-13,20.08570691164703,56.70787515558358,1003.5277397301245,7.496518317429247
2024-04-14,24.07566473926093,78.89667618321835,1009.9673554547896,1.3008624013063197
2024-04-15,17.49292229148875,50.36463424069449,1008.378508990091,7.582631959290226
2024-04-16,19.103829230356297,79.09636480122917,1018.296918021362,0.2458691645880151
2024-04-17,22.555511385430485,51.294797358517286,1007.2478779823326,0.22123551528997254
2024-04-18,17.287981654916223,76.73429341094213,1011.6117670055609,3.2361021914954122
2024-04-19,15.76979909828793,65.831033272589,1012.6452857583906,4.886431904046658
2024-04-20,17.89751452913768,79.78894388357901,1000.2618891317667,7.704074178077932
2024-04-21,16.612212872540045,52.213896942061965,1013.2707474403342,6.832953766065052
2024-04-22,24.29697652342573,66.61562853203962,1003.5607193373951,4.459027063767484
2024-04-23,23.08120379564417,79.07907606857297,1019.2214063493891,2.736266662816659
2024-04-24,21.334037565104236,65.69293532510446,1002.9732545550622,9.971245001577111
2024-04-25,23.714605901877178,68.88195914405787,1008.2924824745405,4.261813022359729
2024-04-26,23.036720768991145,70.87246066953851,1001.7069933615729,4.513870243296755
2024-04-27,16.86570058886036,63.636231943033195,1019.9374850369189,1.6362382119166918
2024-04-28,23.92558998489978,68.8267424025219,1010.0439002066248,7.948095487499294
2024-04-29,20.393422419156508,67.529429357693,1011.9077003464009,6.936822257814886
2024-04-30,23.074401551640626,77.03474031472967,1001.3415295477686,2.207696127887604
2024-05-01,23.96091299923493,51.363391410243736,1014.9992094079836,0.823810456158427
2024-05-02,18.18003474971864,58.42889568776691,1004.1981118619117,6.804993020747131
2024-05-03,16.100519245276768,78.51234452229676,1017.9610857888142,6.545112142811353
2024-05-04,17.279351625419416,76.70791351672749,1004.1027928096402,2.7325952699820935
2024-05-05,19.271077886262564,63.669702583571386,1003.8137544132734,9.508635622504103
2024-05-06,23.18014765922493,68.6039779340461,1000.7309933569619,1.5105789178090023
2024-05-07,23.607305832563434,58.32143548943398,1009.4413389022,4.323348010426019
2024-05-08,15.069521305311907,55.64363479171284,1011.2968226652523,9.436159201675988
2024-05-09,20.107473025775658,63.91095214819946,1001.314172788567,4.197273169261223
2024-05-10,19.17411003148779,60.60056684078158,1015.5105523339003,6.385259476640855
2024-05-11,17.221078104707303,67.50968335552616,1009.0657766949605,3.9759439796279428
2024-05-12,16.19865367333683,52.332039108949544,1010.4878053865516,2.7421520234867005
2024-05-13,18.37615171403628,79.231844229985,1008.8152549387646,9.839776479598282
2024-05-14,24.429097039125192,79.58632233438809,1008.0152612175066,4.09334006315043
2024-05-15,18.232029320207552,70.94485142059236,1011.1928066261644,8.940992036791345
2024-05-16,20.18790621743366,66.08289099032362,1003.1048049186143,2.299546058910862
2024-05-17,22.030189588951778,59.28582848858983,1003.6385626099054,2.131047040250833
2024-05-18,18.63629602379294,74.41385059120846,1017.2357124202704,0.3113408288451136
2024-05-19,24.717820827209607,70.54193517661638,1018.9223092426727,6.5166682537588505
2024-05-20,24.62447294942111,54.87850818034674,1007.466186325595,3.6852634372376114
2024-05-21,17.517822958253642,77.32781553481527,1005.4148934628711,8.64358249839637
2024-05-22,19.972485058923855,74.67611728769506,1012.8799908647803,4.732099066915572
2024-05-23,18.008783098167697,78.49399739875773,1008.174683421962,9.681934279147217
2024-05-24,17.848404943774675,71.7715852516508,1000.5077271132069,1.8552551570312115
2024-05-25,15.368869473545328,68.4024558780737,1003.1230519473238,8.686231679556109
2024-05-26,21.09564333979897,62.547291088718566,1014.319444576948,7.765968527917417
2024-05-27,20.026790232288615,77.9818545006204,1013.178478838203,7.70921844644052
2024-05-28,15.514787512499893,75.98191668501225,1000.5419198500697,8.447832281168877
2024-05-29,17.786464642366113,51.356560103185686,1004.439443238659,7.610239909429989
2024-05-30,24.082658859666537,50.79100923491756,1004.6214959317614,6.262203216314154
2024-05-31,17.395618906669725,61.293901006341486,1013.4378548719745,1.3124487768238757
2024-06-01,16.44894872091223,74.31659992345499,1000.3942107550873,0.32526179491251916
2024-06-02,19.894527602775632,79.61828387944834,1002.0821716396915,9.208478478156868
2024-06-03,24.856504541106005,54.512506733105845,1015.9983217074638,6.166503145207381
2024-06-04,17.420552715115004,67.82392146056405,1003.5708932410867,7.965372909761763
2024-06-05,21.721355474058786,61.426725698930646,1013.0549221570375,4.815223515125501
2024-06-06,22.616196153287177,79.09743193443809,1004.7636556209345,1.1730818896239448
2024-06-07,17.376375439923997,75.26356769407126,1001.9888278551869,1.2518579220255044
2024-06-08,22.282163486118595,75.14986114133413,1004.8634438199891,6.855652872289713
2024-06-09,18.677831327192532,64.06079479384911,1014.4453386371132,4.303058948994627
2024-06-10,21.323058305935795,62.44458507012995,1017.1139293621258,2.005247267003367
2024-06-11,21.335297107608948,58.20221215792119,1016.6043972913399,4.915945467414369
2024-06-12,20.357746840747584,51.691264899527816,1007.9436705923691,0.6420893707513409
2024-06-13,15.902897700544083,75.9416712876516,1013.361702731413,5.819714019143988
2024-06-14,23.35302495589238,74.38703027390233,1004.0996859083165,2.6899340443509767
2024-06-15,18.20780064971736,79.99153019858392,1005.8629546052202,7.975591006371881
2024-06-16,16.86518510399854,79.89910511221716,1017.9267163704224,3.1036195892357377
2024-06-17,15.40775141554764,66.66295116807882,1000.2600384702147,4.552201490818012
2024-06-18,20.90892943188242,73.06962245541531,1001.7101706170894,0.11620539908100636
2024-06-19,21.775643618422826,78.34297189647285,1004.1577251029205,0.7244688779455888
2024-06-20,15.165878289278561,75.48942172032234,1000.5306440774764,3.924935564066848
2024-06-21,20.12093058299281,57.42044305229593,1003.628708701796,4.799388347171235
2024-06-22,17.26495775197938,63.516324059302804,1011.6608312193938,6.000205481193037
2024-06-23,21.451727904094497,53.87478245454485,1008.4284910118499,2.9166257870930323
2024-06-24,16.743664290049914,78.62153081776167,1017.8534342215395,6.949818861265426
2024-06-25,21.90937738102466,68.1852390335264,1016.3488712347688,8.601223971892045
2024-06-26,18.867353463005372,56.85928416510388,1006.8363470339575,7.7985098889334985
2024-06-27,24.367299887367345,70.1510205321757,1005.1884686686259,0.39618825348357145
2024-06-28,16.375209441459933,68.54384721373688,1007.5938481633453,4.805069472578289
2024-06-29,18.410663510502584,60.74488154098522,1011.8058988502961,1.0493017841817487
2024-06-30,16.13473521240589,53.40672776598887,1005.3612728164575,2.4204501586252745
2024-07-01,24.24693618278563,70.14719586778399,1012.4829781569827,9.866625932671464
2024-07-02,23.77339353380981,65.6092310271138,1008.1882330438248,1.4249554290151323
2024-07-03,17.579416277151555,73.16955175206918,1011.0409436170396,4.988881534513561
2024-07-04,21.599840460341788,65.6049050333598,1008.7225305827063,6.181557343181191
2024-07-05,23.17222200201216,75.5654450095562,1005.8893151908384,7.024649705441039
2024-07-06,20.552008115994624,66.55720516323457,1018.9690661392432,5.5964868348691414
2024-07-07,20.296505783560065,66.82813914606159,1015.2721158831952,0.09770847419183659
2024-07-08,17.418522909004515,76.29960807975036,1002.8022635153291,3.2646130824399187
2024-07-09,15.931027678058992,62.10448598637191,1017.3693595179583,5.1771164338471145
2024-07-10,23.972157579533267,54.02045685351922,1009.7486239649903,0.8786649914483335
2024-07-11,24.004180571633306,50.86348028940017,1017.8910445378818,3.5062693120918076
2024-07-12,21.33101457273268,72.65411767020856,1015.9971051189463,0.33203108791366565
2024-07-13,18.390297910487007,68.60928654060393,1008.5042700893847,0.7857849715502074
2024-07-14,18.49209574612661,71.12239304297671,1000.4493861664023,3.9692327620159604
2024-07-15,22.259556788702394,56.388924845267326,1005.3735471876989,1.3271575404306035
2024-07-16,23.97110259952577,54.09114426760309,1010.8326842932173,5.675408482615581
2024-07-17,23.870864242651173,50.43633997003646,1012.6695643965229,6.894649691372657
2024-07-18,22.798755458576238,60.517626764197914,1005.157753708664,8.005866991090828
2024-07-19,21.42031646154288,67.69753060563899,1002.7871214814564,2.0015024424481007
2024-07-20,15.841399649950489,61.76732135299197,1016.698604735986,1.6748258225906976
2024-07-21,16.616287140946138,63.12424766071187,1019.688043614071,1.0456784033440025
2024-07-22,23.98554188527079,77.12476083481245,1010.5138036460537,6.364302495436367
2024-07-23,21.0642905965959,60.447664010699015,1003.433585716966,7.064757264869011
2024-07-24,15.091970516166297,65.41968467479433,1005.4461465303874,0.3158614482564204
2024-07-25,16.01471542866032,73.5095903822343,1000.3678135309493,9.362122462436899
2024-07-26,21.635017691080556,61.89628346963811,1018.28597613121,0.5197128365147241
2024-07-27,15.050615838462187,68.66260100683621,1002.3550216578028,5.412963353010705
2024-07-28,16.608080514174986,75.87091126240236,1011.5303295102851,7.090605194509164
2024-07-29,20.48733789366586,78.48561870972927,1005.4811044137441,8.709691237460856
2024-07-30,21.918951976926934,54.41220442787114,1011.0835600503159,7.140869321324278
2024-07-31,21.519612595026004,77.79762875484484,1013.0284077670373,8.017280830697919
2024-08-01,17.2426930946056,64.76348879238614,1016.594836074144,3.3945019254280604
2024-08-02,22.12179221347536,57.74733164896875,1004.1284254352121,8.148251137465122
2024-08-03,17.372490874968,63.774072687147836,1000.2199165731696,0.8011484638467514
2024-08-04,18.253996981592678,79.40097725856431,1002.7377126013762,8.948166560605276
2024-08-05,22.46491405118024,64.77854281978608,1018.0003728369621,5.475923761537363
2024-08-06,21.496328990472147,59.86254830862525,1017.4778015512503,8.172977699624937
2024-08-07,23.49223410494178,69.00202562950177,1011.9482620434062,4.523182845183001
2024-08-08,21.576128923003434,57.204368563345795,1012.010337208673,6.4357769519652495
2024-08-09,20.683086033354716,52.27589984325992,1013.3007334909252,5.264026609361132
2024-08-10,15.936747678280925,53.866391657319475,1003.507425572469,7.315895217553319
2024-08-11,18.677158030594335,53.84137516873317,1018.2882389184992,0.8162998203058958
2024-08-12,17.652023676817254,54.55708080536883,1008.3754104978415,0.603520839905638
2024-08-13,17.439896433790835,54.164815179482304,1007.66277056499,2.4710323401014644
2024-08-14,24.730105547524456,69.22624234409643,1010.3783541056567,1.5954468011318834
2024-08-15,18.930977246667602,55.45640253197435,1000.9393193355011,8.717835665922017
2024-08-16,23.920465551771134,60.3700184997159,1003.3256673751216,2.192139873580443
2024-08-17,21.31138625997263,76.90365229718036,1014.7606723285274,9.758652558191313
2024-08-18,22.948113035416483,64.21884920788617,1001.6559733585025,3.3689579177110685
2024-08-19,20.026370931051922,70.02673215563081,1012.0630421893278,1.8211791568869928
2024-08-20,20.76903884626359,55.169596136048895,1004.9069821936264,7.896985071424791
2024-08-21,19.92517693818864,55.76867056426012,1007.7859122808395,6.587077755008761
2024-08-22,16.952429877980446,51.226058487994365,1005.773874735414,4.98195716453139
2024-08-23,22.224521152615054,55.06805189216494,1007.113454329299,5.553635509376313
2024-08-24,17.80772362440856,58.35771017095876,1014.380918103685,7.192017782722639
2024-08-25,15.243159664314538,55.310314528302406,1005.9424343124635,2.2845474133129873
2024-08-26,21.454722959071677,52.66107601271167,1011.3280928059379,9.963339160567418
2024-08-27,16.77110679407049,53.61907613301803,1009.521008043982,9.747931621467831
2024-08-28,24.40458584352914,63.823363040981775,1013.273423307253,6.503256863469369
2024-08-29,24.539285770025874,56.19001155217377,1018.7365947864952,1.9954245092914513
2024-08-30,24.148643902204483,60.92809583144226,1014.651441944205,6.802282424312914
2024-08-31,18.701587002554444,65.1025181256457,1004.2988075718151,0.7219840897917584
2024-09-01,15.154566165288674,70.71184485888097,1000.6236627012257,0.30652502205806065
2024-09-02,24.283185625877252,51.17936419523297,1005.2452808859965,2.576828885112137
2024-09-03,19.281841483173142,73.98231196727127,1011.9015586140051,4.626229567393163
2024-09-04,24.666548190436696,68.83701168472723,1001.028516269685,8.682725054083805
2024-09-05,24.636199770892528,52.45277095846616,1009.9273249440247,7.271690697663081
2024-09-06,23.530094554673603,76.20735872320331,1011.9368569783378,7.42706521199981
2024-09-07,17.944488920695857,77.6261720159544,1006.6848778163392,4.2549333444807536
2024-09-08,18.85097728601925,51.83233879564591,1015.4182440749164,3.4593499254696294
2024-09-09,23.51136671516857,58.30632944441611,1002.1319650626755,3.7103876298460268
2024-09-10,18.169220051562775,74.18603839379185,1001.5027556347162,9.876495637360579
2024-09-11,16.694927466860925,72.44779071150975,1014.5637751240721,0.4010919141248248
2024-09-12,20.568012624583503,55.53563058069132,1009.909826324124,8.670314961224486
2024-09-13,24.361547741607808,56.28047970010131,1013.7680479285547,5.786754085723934
2024-09-14,21.960297966749728,61.11416308374146,1008.696546772075,4.386154191895905
2024-09-15,20.70061170089365,64.53568955573064,1004.9280406647821,7.252576604151365
2024-09-16,15.971764937707686,68.54764314590888,1016.382046353484,4.866689414247029
2024-09-17,21.1500722669917,61.067409187093176,1015.9883175793796,8.734232380816605
2024-09-18,24.900538501042632,63.876041483994435,1013.8939294170885,9.007018640112586
2024-09-19,16.40084015236524,72.4241281440127,1005.4429027445992,4.217209268734554
2024-09-20,20.183296523637367,51.10049608671794,1011.8046133373817,2.768277972350516
2024-09-21,23.773730719279556,57.57310833032062,1007.2194779388005,5.923503285933622
2024-09-22,22.407686177542043,71.40048757653658,1001.8316414665327,9.12363345616691
2024-09-23,21.97015740995268,76.85620513061598,1018.3462715092448,2.106621890056666
2024-09-24,22.024840839871093,65.35032326346999,1002.7363726183793,6.229665835634828
2024-09-25,18.59491151219755,65.96340455795946,1019.004747076416,6.3156022009252055
2024-09-26,17.935918442644933,53.21516034019328,1008.9201154591591,7.33113022415281
2024-09-27,23.093611554785134,63.422371004703635,1003.7026585767724,1.315676851272598
2024-09-28,23.10113394679181,65.9785179936507,1010.8380189475672,7.158249646820885
2024-09-29,23.670723185801037,57.27411510904189,1017.4589167175282,9.09032520665641
2024-09-30,24.132405525564714,58.07729692848143,1014.6444977281913,1.7968310887024197
2024-10-01,20.113423988609377,61.31852489313868,1016.1312229572289,2.3754332492387764
2024-10-02,20.015162946871996,50.602135933331795,1013.1756673342144,9.713950940416396
2024-10-03,22.98295178966775,59.66237496749535,1013.845531290357,1.8097695270948977
2024-10-04,21.499639307777652,56.34344020989634,1016.9839130313064,8.543850933695792
2024-10-05,22.019668772577035,59.824920565337436,1004.9933601771837,4.922778564480348
2024-10-06,22.95792669436101,53.59286395457754,1009.7884992728629,2.4723107440317706
2024-10-07,23.900053418175663,76.71581842219685,1004.4241888363921,8.707499012725114
2024-10-08,18.37995156851536,67.80777360662145,1019.753360159933,4.453052550026655
2024-10-09,18.755829526399438,70.37306957433469,1018.8811867937322,5.148173539296902
2024-10-10,15.93981939840869,73.67513715822015,1000.7885362273702,3.5923336939976567
2024-10-11,20.782801409961742,64.95326596787172,1014.1115034503138,5.9295085143492745
2024-10-12,15.35942273796742,52.60760864262271,1018.5049663483134,1.6352387258502277
2024-10-13,19.6559801813246,66.11319625455644,1003.6115069025467,3.910815366517607
2024-10-14,20.426446347075768,67.60523354062637,1011.3589046110526,9.694123223352875
2024-10-15,17.865412521282845,72.36318422552989,1018.3097659517608,2.5813343270112754
2024-10-16,20.908332605690106,62.94978638689038,1000.6789195717159,6.567366645412922
2024-10-17,15.305002499390493,53.82740908386691,1013.9484053449368,3.251900642246949
2024-10-18,15.373481887492144,58.51327717396173,1005.946980147451,7.734731256866007
2024-10-19,23.226005606596583,60.892468891959055,1018.4879239075306,1.3087366071834983
2024-10-20,18.60190641411263,69.37751723994803,1019.4211649033074,9.698210450785448
2024-10-21,16.27060512651885,67.12334914006736,1018.8853297822686,4.5378954138363925
2024-10-22,20.222432600548043,60.68290177693539,1009.4842843331493,2.3605046334646396
2024-10-23,22.69993553098611,79.59545746378939,1017.2408530197863,0.7349674733001266
2024-10-24,17.158210274968432,68.17324458070661,1016.8909879707014,1.6975790508754074
2024-10-25,21.22890475819,57.11680375207983,1006.3820094648651,5.197739485560176
2024-10-26,15.85347464993768,53.05347417861211,1016.5783094830135,3.3700317643128628
2024-10-27,15.516817211686076,54.58577417552996,1000.7401526943098,8.288833658826094
2024-10-28,20.313546315681478,57.37873185153524,1011.9253975696411,4.308875236618059
2024-10-29,20.406351216101065,54.82044119778667,1004.6001767457541,2.487142725876299
2024-10-30,21.374299014982064,55.59701072153917,1002.4113377155455,6.171449866040301
2024-10-31,22.260913337226615,58.55285506081541,1001.5390640325842,7.067772168854458
2024-11-01,24.758520794625348,55.20120785884264,1013.9257755175628,1.6704190790094986
2024-11-02,20.163003483011952,76.90296273879275,1006.7974992753614,1.6761921628831766
2024-11-03,18.22956472941246,52.40701236984927,1014.4953354305752,0.3667142693354297
2024-11-04,22.951861947687036,65.73534168710763,1001.3071268159788,7.364020150656405
2024-11-05,17.708322512620743,62.31190480968985,1006.3058067566122,6.638045276218051
2024-11-06,19.38971420705636,79.47135850725819,1010.7898258475068,4.746308757498139
2024-11-07,15.78456381342266,53.36116706504157,1015.8144632967793,8.441704489691972
2024-11-08,15.253507434154574,61.93566797137225,1006.3750500586414,8.056701529500533
2024-11-09,24.62648414677925,79.08411299826106,1012.5178275287402,5.853543643967521
2024-11-10,23.35980120512206,75.96521377681941,1017.7195549647238,8.682712805132587
2024-11-11,21.959742060936982,74.5121621284784,1012.3172637636461,2.0584121003676827
2024-11-12,19.0895294441427,57.7370848113482,1004.6591894950727,1.1191961939772788
2024-11-13,16.73294320070846,55.12662762170197,1000.4880156311308,2.697496115169896
2024-11-14,16.56437042671086,70.05929659773292,1017.4019774780186,0.5708685608931485
2024-11-15,17.502428981645952,77.88127967382758,1000.4253882170077,5.31169528001032
2024-11-16,20.492266647061204,66.70288679041789,1017.494033453684,9.366056922949614
2024-11-17,22.145959227000624,67.14838068409699,1010.5787426805442,0.39343540668509647
2024-11-18,21.601973767177313,58.399372809808526,1018.7813539702579,1.221099140100268
2024-11-19,17.799338969459427,73.0847879957581,1015.9756647154733,4.521990282834353
2024-11-20,24.548652806631942,55.6113124567257,1019.9586822106668,9.33875017527905
2024-11-21,22.378969166957685,59.71037709212731,1007.0142363090342,3.161561049767505
2024-11-22,20.543540525114008,62.7630931584925,1015.3437657786226,5.072348086883924
2024-11-23,21.117207462343522,65.22831136053365,1008.0386182721849,0.41572859050392097
2024-11-24,19.1960006242779,57.27229197245241,1009.5975124060782,1.4834320096208886
2024-11-25,17.477309895011576,53.445104742176106,1012.5501092643674,9.86630122958847
2024-11-26,18.559726786512616,68.31860127324897,1017.4735422837268,9.651186964360456
2024-11-27,22.57846110464369,58.65891659720767,1019.6816693839859,0.04939980934409616
2024-11-28,15.143934886297558,67.43714664267837,1015.3654682772903,9.51811785423239
2024-11-29,16.160726405069163,54.63088145822607,1008.3553356433466,6.391199378155004
2024-11-30,15.460026420217527,64.43420305564453,1008.4271400455414,8.679182945200221
2024-12-01,15.407288023189702,65.97768297654758,1014.7516460317778,4.547398556338591
2024-12-02,23.55460584011007,51.55470610467281,1004.775542915366,5.155960285792503
2024-12-03,22.036578593800236,60.098128345817614,1002.209482262628,4.888465802569202
2024-12-04,19.74173829087325,54.03244030816923,1007.0924431528156,6.668642575461043
2024-12-05,15.978341606510014,51.90124911418303,1005.7447798330817,1.396512547563129
2024-12-06,19.916158751168325,79.69880697169836,1005.9261624091198,0.2997358987267795
2024-12-07,19.734717707805657,59.670615349241686,1004.6721550209982,3.079299415911909
2024-12-08,16.732018699100152,74.29623337563905,1000.8418637927273,7.0468076273664675
2024-12-09,19.338516492379732,57.63921964291291,1000.3574786946683,2.0185345212294834
2024-12-10,18.985047343973733,70.44508166671788,1019.7544477947206,6.734324333249173
2024-12-11,21.158500980522163,72.80683579669059,1008.5554626747172,9.699120461072704
2024-12-12,21.350936508676437,67.86916221823533,1007.6865329431936,0.9390071578941839
2024-12-13,15.453040097720445,64.14728565650475,1013.5929456538614,6.726021182251262
2024-12-14,18.74612614626471,62.355227424418054,1004.3650777573013,4.437502193045711
2024-12-15,21.258599157142363,60.46604799628986,1018.9992236790046,8.681422543775053
2024-12-16,20.031362585800878,77.88587432743478,1015.7269002883111,1.771497894473859
2024-12-17,23.56489841188322,74.91858223363187,1001.7882200462452,6.926259522261645
2024-12-18,21.58693631618945,78.95080731999538,1008.3516155156985,8.381152896481103
2024-12-19,16.629344270814297,53.728916704566345,1017.5823661512433,9.446142194740233
2024-12-20,15.705687474004298,71.92602425610933,1018.8946404458283,6.832480282896459
2024-12-21,21.424192782063155,78.15021370463114,1009.3480302249974,4.971747640084273
2024-12-22,15.265113105416217,55.43699198496981,1012.2682277842141,6.178472402012138
2024-12-23,20.85775581273463,51.99488802100333,1003.3406789218415,8.689049844787181
2024-12-24,24.402302414249576,72.23361947870177,1019.8233725227395,5.706097466388297
2024-12-25,20.754741778758792,67.23419339539736,1004.6334340276688,0.3038705969683686
2024-12-26,18.88169926206522,75.25486330274816,1018.8546354827025,9.309486955069778
2024-12-27,21.432882184423534,54.193171298788684,1012.9929329798474,6.895267510315612
2024-12-28,19.582528904915165,73.8580193557967,1012.1547358975772,6.765133857772465
2024-12-29,20.45616789315935,56.048819601432335,1010.2537702203301,2.1567515239771717
2024-12-30,24.41464808776525,54.90967828597113,1004.6133962343552,6.5888547023265716
